Timestamp,Track_ID,Face_Image_Path
1747642311,1,detected_faces/face_id1_1747642311.jpg
1747642311,1,detected_faces/face_id1_1747642311.jpg
1747642311,1,detected_faces/face_id1_1747642311.jpg
1747642311,2,detected_faces/face_id2_1747642311.jpg
1747642311,1,detected_faces/face_id1_1747642311.jpg
1747642312,2,detected_faces/face_id2_1747642312.jpg
1747642312,1,detected_faces/face_id1_1747642312.jpg
1747642312,1,detected_faces/face_id1_1747642312.jpg
1747642312,2,detected_faces/face_id2_1747642312.jpg
1747642312,1,detected_faces/face_id1_1747642312.jpg
1747642312,1,detected_faces/face_id1_1747642312.jpg
1747642312,1,detected_faces/face_id1_1747642312.jpg
1747642312,2,detected_faces/face_id2_1747642312.jpg
1747642312,2,detected_faces/face_id2_1747642312.jpg
1747642313,1,detected_faces/face_id1_1747642313.jpg
1747642313,2,detected_faces/face_id2_1747642313.jpg
1747642313,1,detected_faces/face_id1_1747642313.jpg
1747642313,2,detected_faces/face_id2_1747642313.jpg
1747642313,2,detected_faces/face_id2_1747642313.jpg
1747642313,1,detected_faces/face_id1_1747642313.jpg
1747642314,1,detected_faces/face_id1_1747642314.jpg
1747642314,2,detected_faces/face_id2_1747642314.jpg
1747642314,1,detected_faces/face_id1_1747642314.jpg
1747642314,1,detected_faces/face_id1_1747642314.jpg
1747642314,2,detected_faces/face_id2_1747642314.jpg
1747642314,1,detected_faces/face_id1_1747642314.jpg
1747642315,1,detected_faces/face_id1_1747642315.jpg
1747642315,1,detected_faces/face_id1_1747642315.jpg
1747642315,1,detected_faces/face_id1_1747642315.jpg
1747642315,1,detected_faces/face_id1_1747642315.jpg
1747642315,2,detected_faces/face_id2_1747642315.jpg
1747642315,1,detected_faces/face_id1_1747642315.jpg
1747642316,1,detected_faces/face_id1_1747642316.jpg
1747642316,1,detected_faces/face_id1_1747642316.jpg
1747642316,2,detected_faces/face_id2_1747642316.jpg
1747642316,1,detected_faces/face_id1_1747642316.jpg
1747642316,1,detected_faces/face_id1_1747642316.jpg
1747642316,1,detected_faces/face_id1_1747642316.jpg
1747642317,1,detected_faces/face_id1_1747642317.jpg
1747642317,1,detected_faces/face_id1_1747642317.jpg
1747642317,2,detected_faces/face_id2_1747642317.jpg
1747642317,1,detected_faces/face_id1_1747642317.jpg
1747642317,1,detected_faces/face_id1_1747642317.jpg
1747642317,2,detected_faces/face_id2_1747642317.jpg
1747642317,1,detected_faces/face_id1_1747642317.jpg
1747642317,2,detected_faces/face_id2_1747642317.jpg
1747642317,2,detected_faces/face_id2_1747642317.jpg
1747642318,1,detected_faces/face_id1_1747642318.jpg
1747642318,2,detected_faces/face_id2_1747642318.jpg
1747642318,1,detected_faces/face_id1_1747642318.jpg
1747642318,1,detected_faces/face_id1_1747642318.jpg
1747642318,1,detected_faces/face_id1_1747642318.jpg
1747642318,1,detected_faces/face_id1_1747642318.jpg
1747642319,1,detected_faces/face_id1_1747642319.jpg
1747642319,1,detected_faces/face_id1_1747642319.jpg
1747642319,3,detected_faces/face_id3_1747642319.jpg
1747642320,1,detected_faces/face_id1_1747642320.jpg
1747642320,3,detected_faces/face_id3_1747642320.jpg
1747642320,1,detected_faces/face_id1_1747642320.jpg
1747642320,3,detected_faces/face_id3_1747642320.jpg
1747642320,1,detected_faces/face_id1_1747642320.jpg
1747642320,3,detected_faces/face_id3_1747642320.jpg
1747642320,4,detected_faces/face_id4_1747642320.jpg
1747642321,1,detected_faces/face_id1_1747642321.jpg
1747642321,3,detected_faces/face_id3_1747642321.jpg
1747642321,3,detected_faces/face_id3_1747642321.jpg
1747642321,1,detected_faces/face_id1_1747642321.jpg
1747642321,3,detected_faces/face_id3_1747642321.jpg
1747642321,1,detected_faces/face_id1_1747642321.jpg
1747642321,3,detected_faces/face_id3_1747642321.jpg
1747642321,1,detected_faces/face_id1_1747642321.jpg
1747642321,3,detected_faces/face_id3_1747642321.jpg
1747642322,1,detected_faces/face_id1_1747642322.jpg
1747642322,1,detected_faces/face_id1_1747642322.jpg
1747642322,3,detected_faces/face_id3_1747642322.jpg
1747642322,4,detected_faces/face_id4_1747642322.jpg
1747642324,1,detected_faces/face_id1_1747642324.jpg
1747642324,3,detected_faces/face_id3_1747642324.jpg
1747642324,4,detected_faces/face_id4_1747642324.jpg
1747642324,1,detected_faces/face_id1_1747642324.jpg
1747642324,3,detected_faces/face_id3_1747642324.jpg
1747642324,4,detected_faces/face_id4_1747642324.jpg
1747642324,1,detected_faces/face_id1_1747642324.jpg
1747642325,3,detected_faces/face_id3_1747642325.jpg
1747642325,4,detected_faces/face_id4_1747642325.jpg
1747642325,1,detected_faces/face_id1_1747642325.jpg
1747642325,3,detected_faces/face_id3_1747642325.jpg
1747642325,4,detected_faces/face_id4_1747642325.jpg
1747642325,1,detected_faces/face_id1_1747642325.jpg
1747642325,3,detected_faces/face_id3_1747642325.jpg
1747642325,4,detected_faces/face_id4_1747642325.jpg
1747642325,1,detected_faces/face_id1_1747642325.jpg
1747642325,4,detected_faces/face_id4_1747642325.jpg
1747642326,1,detected_faces/face_id1_1747642326.jpg
1747642326,4,detected_faces/face_id4_1747642326.jpg
1747642326,1,detected_faces/face_id1_1747642326.jpg
1747642326,4,detected_faces/face_id4_1747642326.jpg
1747642326,1,detected_faces/face_id1_1747642326.jpg
1747642326,4,detected_faces/face_id4_1747642326.jpg
1747642327,1,detected_faces/face_id1_1747642327.jpg
1747642327,4,detected_faces/face_id4_1747642327.jpg
1747642327,1,detected_faces/face_id1_1747642327.jpg
1747642327,4,detected_faces/face_id4_1747642327.jpg
1747642327,1,detected_faces/face_id1_1747642327.jpg
1747642327,4,detected_faces/face_id4_1747642327.jpg
1747642328,1,detected_faces/face_id1_1747642328.jpg
1747642328,1,detected_faces/face_id1_1747642328.jpg
1747642329,1,detected_faces/face_id1_1747642329.jpg
1747642329,1,detected_faces/face_id1_1747642329.jpg
1747642329,1,detected_faces/face_id1_1747642329.jpg
1747642330,1,detected_faces/face_id1_1747642330.jpg
1747642330,1,detected_faces/face_id1_1747642330.jpg
1747642330,1,detected_faces/face_id1_1747642330.jpg
1747642330,1,detected_faces/face_id1_1747642330.jpg
1747642331,1,detected_faces/face_id1_1747642331.jpg
1747642331,1,detected_faces/face_id1_1747642331.jpg
1747642331,1,detected_faces/face_id1_1747642331.jpg
1747642331,1,detected_faces/face_id1_1747642331.jpg
1747642331,1,detected_faces/face_id1_1747642331.jpg
1747642331,1,detected_faces/face_id1_1747642331.jpg
1747642332,1,detected_faces/face_id1_1747642332.jpg
1747642332,1,detected_faces/face_id1_1747642332.jpg
1747642332,1,detected_faces/face_id1_1747642332.jpg
1747642332,1,detected_faces/face_id1_1747642332.jpg
1747642332,1,detected_faces/face_id1_1747642332.jpg
1747642333,1,detected_faces/face_id1_1747642333.jpg
1747642333,1,detected_faces/face_id1_1747642333.jpg
1747642333,1,detected_faces/face_id1_1747642333.jpg
1747642333,1,detected_faces/face_id1_1747642333.jpg
1747642334,1,detected_faces/face_id1_1747642334.jpg
1747642334,5,detected_faces/face_id5_1747642334.jpg
1747642334,1,detected_faces/face_id1_1747642334.jpg
1747642334,5,detected_faces/face_id5_1747642334.jpg
1747642335,5,detected_faces/face_id5_1747642335.jpg
1747642335,1,detected_faces/face_id1_1747642335.jpg
1747642335,1,detected_faces/face_id1_1747642335.jpg
1747642335,5,detected_faces/face_id5_1747642335.jpg
1747642336,5,detected_faces/face_id5_1747642336.jpg
1747642336,1,detected_faces/face_id1_1747642336.jpg
1747642336,5,detected_faces/face_id5_1747642336.jpg
1747642336,1,detected_faces/face_id1_1747642336.jpg
1747642336,5,detected_faces/face_id5_1747642336.jpg
1747642336,1,detected_faces/face_id1_1747642336.jpg
1747642336,5,detected_faces/face_id5_1747642336.jpg
1747642337,1,detected_faces/face_id1_1747642337.jpg
1747642337,5,detected_faces/face_id5_1747642337.jpg
1747642337,1,detected_faces/face_id1_1747642337.jpg
1747642337,5,detected_faces/face_id5_1747642337.jpg
1747642337,1,detected_faces/face_id1_1747642337.jpg
1747642337,5,detected_faces/face_id5_1747642337.jpg
1747642337,1,detected_faces/face_id1_1747642337.jpg
1747642337,5,detected_faces/face_id5_1747642337.jpg
1747642337,1,detected_faces/face_id1_1747642337.jpg
1747642338,5,detected_faces/face_id5_1747642338.jpg
1747642338,5,detected_faces/face_id5_1747642338.jpg
1747642339,5,detected_faces/face_id5_1747642339.jpg
1747642339,1,detected_faces/face_id1_1747642339.jpg
1747642340,5,detected_faces/face_id5_1747642340.jpg
1747642340,1,detected_faces/face_id1_1747642340.jpg
1747642340,5,detected_faces/face_id5_1747642340.jpg
1747642340,1,detected_faces/face_id1_1747642340.jpg
1747642340,5,detected_faces/face_id5_1747642340.jpg
1747642340,8,detected_faces/face_id8_1747642340.jpg
1747642340,1,detected_faces/face_id1_1747642340.jpg
1747642340,1,detected_faces/face_id1_1747642340.jpg
1747642341,1,detected_faces/face_id1_1747642341.jpg
1747642341,1,detected_faces/face_id1_1747642341.jpg
1747642341,1,detected_faces/face_id1_1747642341.jpg
1747642341,1,detected_faces/face_id1_1747642341.jpg
1747642342,1,detected_faces/face_id1_1747642342.jpg
1747642342,1,detected_faces/face_id1_1747642342.jpg
1747642342,1,detected_faces/face_id1_1747642342.jpg
1747642342,1,detected_faces/face_id1_1747642342.jpg
1747642343,1,detected_faces/face_id1_1747642343.jpg
1747642343,1,detected_faces/face_id1_1747642343.jpg
1747642344,1,detected_faces/face_id1_1747642344.jpg
1747642344,1,detected_faces/face_id1_1747642344.jpg
1747642344,1,detected_faces/face_id1_1747642344.jpg
1747642345,1,detected_faces/face_id1_1747642345.jpg
1747642345,1,detected_faces/face_id1_1747642345.jpg
1747642345,8,detected_faces/face_id8_1747642345.jpg
1747642345,1,detected_faces/face_id1_1747642345.jpg
1747642345,8,detected_faces/face_id8_1747642345.jpg
1747642346,1,detected_faces/face_id1_1747642346.jpg
1747642346,8,detected_faces/face_id8_1747642346.jpg
1747642346,1,detected_faces/face_id1_1747642346.jpg
1747642346,8,detected_faces/face_id8_1747642346.jpg
1747642346,1,detected_faces/face_id1_1747642346.jpg
1747642346,8,detected_faces/face_id8_1747642346.jpg
1747642559,2,detected_faces\face_id2_1747642559.jpg
1747642560,2,detected_faces\face_id2_1747642560.jpg
1747642560,2,detected_faces\face_id2_1747642560.jpg
1747642560,2,detected_faces\face_id2_1747642560.jpg
1747642560,2,detected_faces\face_id2_1747642560.jpg
1747642560,2,detected_faces\face_id2_1747642560.jpg
1747642561,2,detected_faces\face_id2_1747642561.jpg
1747642561,2,detected_faces\face_id2_1747642561.jpg
1747642561,2,detected_faces\face_id2_1747642561.jpg
1747642562,2,detected_faces\face_id2_1747642562.jpg
1747642562,2,detected_faces\face_id2_1747642562.jpg
1747642562,2,detected_faces\face_id2_1747642562.jpg
1747642563,2,detected_faces\face_id2_1747642563.jpg
1747642563,2,detected_faces\face_id2_1747642563.jpg
1747642563,2,detected_faces\face_id2_1747642563.jpg
1747642564,2,detected_faces\face_id2_1747642564.jpg
1747642564,2,detected_faces\face_id2_1747642564.jpg
1747642564,2,detected_faces\face_id2_1747642564.jpg
1747642564,2,detected_faces\face_id2_1747642564.jpg
1747642564,2,detected_faces\face_id2_1747642564.jpg
1747642565,2,detected_faces\face_id2_1747642565.jpg
1747642565,2,detected_faces\face_id2_1747642565.jpg
1747642565,2,detected_faces\face_id2_1747642565.jpg
1747642565,2,detected_faces\face_id2_1747642565.jpg
1747642565,2,detected_faces\face_id2_1747642565.jpg
1747642565,2,detected_faces\face_id2_1747642565.jpg
1747642566,2,detected_faces\face_id2_1747642566.jpg
1747642566,2,detected_faces\face_id2_1747642566.jpg
1747642566,2,detected_faces\face_id2_1747642566.jpg
1747642566,2,detected_faces\face_id2_1747642566.jpg
1747642566,2,detected_faces\face_id2_1747642566.jpg
1747642567,2,detected_faces\face_id2_1747642567.jpg
1747642567,2,detected_faces\face_id2_1747642567.jpg
1747642567,2,detected_faces\face_id2_1747642567.jpg
1747642567,2,detected_faces\face_id2_1747642567.jpg
1747642568,2,detected_faces\face_id2_1747642568.jpg
1747642568,2,detected_faces\face_id2_1747642568.jpg
1747642568,2,detected_faces\face_id2_1747642568.jpg
1747642568,2,detected_faces\face_id2_1747642568.jpg
1747642569,2,detected_faces\face_id2_1747642569.jpg
1747642569,2,detected_faces\face_id2_1747642569.jpg
1747642569,2,detected_faces\face_id2_1747642569.jpg
1747642569,2,detected_faces\face_id2_1747642569.jpg
1747642570,2,detected_faces\face_id2_1747642570.jpg
1747642570,2,detected_faces\face_id2_1747642570.jpg
1747642572,2,detected_faces\face_id2_1747642572.jpg
1747642572,6,detected_faces\face_id6_1747642572.jpg
1747642573,2,detected_faces\face_id2_1747642573.jpg
1747642573,2,detected_faces\face_id2_1747642573.jpg
1747642573,6,detected_faces\face_id6_1747642573.jpg
1747642573,2,detected_faces\face_id2_1747642573.jpg
1747642573,6,detected_faces\face_id6_1747642573.jpg
1747642574,2,detected_faces\face_id2_1747642574.jpg
1747642574,6,detected_faces\face_id6_1747642574.jpg
1747642574,2,detected_faces\face_id2_1747642574.jpg
1747642574,6,detected_faces\face_id6_1747642574.jpg
1747642574,2,detected_faces\face_id2_1747642574.jpg
1747642575,6,detected_faces\face_id6_1747642575.jpg
1747642575,2,detected_faces\face_id2_1747642575.jpg
1747642575,6,detected_faces\face_id6_1747642575.jpg
1747642575,2,detected_faces\face_id2_1747642575.jpg
1747642575,6,detected_faces\face_id6_1747642575.jpg
1747642575,2,detected_faces\face_id2_1747642575.jpg
1747642575,6,detected_faces\face_id6_1747642575.jpg
1747642576,2,detected_faces\face_id2_1747642576.jpg
1747642576,6,detected_faces\face_id6_1747642576.jpg
1747642576,2,detected_faces\face_id2_1747642576.jpg
1747642576,6,detected_faces\face_id6_1747642576.jpg
1747642576,2,detected_faces\face_id2_1747642576.jpg
1747642576,6,detected_faces\face_id6_1747642576.jpg
1747642576,2,detected_faces\face_id2_1747642576.jpg
1747642576,6,detected_faces\face_id6_1747642576.jpg
1747642576,2,detected_faces\face_id2_1747642576.jpg
1747642577,6,detected_faces\face_id6_1747642577.jpg
1747642577,2,detected_faces\face_id2_1747642577.jpg
1747642577,2,detected_faces\face_id2_1747642577.jpg
1747642578,2,detected_faces\face_id2_1747642578.jpg
1747642578,2,detected_faces\face_id2_1747642578.jpg
1747642578,2,detected_faces\face_id2_1747642578.jpg
1747642578,2,detected_faces\face_id2_1747642578.jpg
1747642578,2,detected_faces\face_id2_1747642578.jpg
1747642579,2,detected_faces\face_id2_1747642579.jpg
1747642579,2,detected_faces\face_id2_1747642579.jpg
1747642579,2,detected_faces\face_id2_1747642579.jpg
1747642579,2,detected_faces\face_id2_1747642579.jpg
1747642579,2,detected_faces\face_id2_1747642579.jpg
1747642580,2,detected_faces\face_id2_1747642580.jpg
1747642580,2,detected_faces\face_id2_1747642580.jpg
1747642580,2,detected_faces\face_id2_1747642580.jpg
1747642580,2,detected_faces\face_id2_1747642580.jpg
1747642580,2,detected_faces\face_id2_1747642580.jpg
1747642581,2,detected_faces\face_id2_1747642581.jpg
1747642581,2,detected_faces\face_id2_1747642581.jpg
1747642581,2,detected_faces\face_id2_1747642581.jpg
1747642581,2,detected_faces\face_id2_1747642581.jpg
1747642582,2,detected_faces\face_id2_1747642582.jpg
1747642582,2,detected_faces\face_id2_1747642582.jpg
1747642582,2,detected_faces\face_id2_1747642582.jpg
1747642582,2,detected_faces\face_id2_1747642582.jpg
1747642582,2,detected_faces\face_id2_1747642582.jpg
1747642583,2,detected_faces\face_id2_1747642583.jpg
1747642583,2,detected_faces\face_id2_1747642583.jpg
1747642583,2,detected_faces\face_id2_1747642583.jpg
1747642583,2,detected_faces\face_id2_1747642583.jpg
1747642583,2,detected_faces\face_id2_1747642583.jpg
1747642583,2,detected_faces\face_id2_1747642583.jpg
1747642583,2,detected_faces\face_id2_1747642583.jpg
1747642584,2,detected_faces\face_id2_1747642584.jpg
1747642584,2,detected_faces\face_id2_1747642584.jpg
1747642585,2,detected_faces\face_id2_1747642585.jpg
1747642585,2,detected_faces\face_id2_1747642585.jpg
1747642585,2,detected_faces\face_id2_1747642585.jpg
1747642585,2,detected_faces\face_id2_1747642585.jpg
1747642585,2,detected_faces\face_id2_1747642585.jpg
1747642586,2,detected_faces\face_id2_1747642586.jpg
1747642586,2,detected_faces\face_id2_1747642586.jpg
1747642586,2,detected_faces\face_id2_1747642586.jpg
1747642587,2,detected_faces\face_id2_1747642587.jpg
1747642587,2,detected_faces\face_id2_1747642587.jpg
1747642587,2,detected_faces\face_id2_1747642587.jpg
1747642587,2,detected_faces\face_id2_1747642587.jpg
1747642588,2,detected_faces\face_id2_1747642588.jpg
1747642588,2,detected_faces\face_id2_1747642588.jpg
1747642588,2,detected_faces\face_id2_1747642588.jpg
1747642589,2,detected_faces\face_id2_1747642589.jpg
1747642589,2,detected_faces\face_id2_1747642589.jpg
1747642589,2,detected_faces\face_id2_1747642589.jpg
1747642590,2,detected_faces\face_id2_1747642590.jpg
1747642590,2,detected_faces\face_id2_1747642590.jpg
1747642590,2,detected_faces\face_id2_1747642590.jpg
1747642590,2,detected_faces\face_id2_1747642590.jpg
1747642590,2,detected_faces\face_id2_1747642590.jpg
1747642591,2,detected_faces\face_id2_1747642591.jpg
1747642591,2,detected_faces\face_id2_1747642591.jpg
1747642591,2,detected_faces\face_id2_1747642591.jpg
1747642591,2,detected_faces\face_id2_1747642591.jpg
1747642591,2,detected_faces\face_id2_1747642591.jpg
1747642592,2,detected_faces\face_id2_1747642592.jpg
1747642592,2,detected_faces\face_id2_1747642592.jpg
1747642592,2,detected_faces\face_id2_1747642592.jpg
1747642592,2,detected_faces\face_id2_1747642592.jpg
1747642592,2,detected_faces\face_id2_1747642592.jpg
1747642592,2,detected_faces\face_id2_1747642592.jpg
1747642593,2,detected_faces\face_id2_1747642593.jpg
1747642593,2,detected_faces\face_id2_1747642593.jpg
1747642593,2,detected_faces\face_id2_1747642593.jpg
1747642593,2,detected_faces\face_id2_1747642593.jpg
1747642594,2,detected_faces\face_id2_1747642594.jpg
1747642594,2,detected_faces\face_id2_1747642594.jpg
1747642594,2,detected_faces\face_id2_1747642594.jpg
1747642594,2,detected_faces\face_id2_1747642594.jpg
1747642594,2,detected_faces\face_id2_1747642594.jpg
1747642595,2,detected_faces\face_id2_1747642595.jpg
1747642595,2,detected_faces\face_id2_1747642595.jpg
1747642595,2,detected_faces\face_id2_1747642595.jpg
1747642595,2,detected_faces\face_id2_1747642595.jpg
1747642595,2,detected_faces\face_id2_1747642595.jpg
1747642595,2,detected_faces\face_id2_1747642595.jpg
1747642596,2,detected_faces\face_id2_1747642596.jpg
1747642596,2,detected_faces\face_id2_1747642596.jpg
1747642596,2,detected_faces\face_id2_1747642596.jpg
1747642596,2,detected_faces\face_id2_1747642596.jpg
1747642597,2,detected_faces\face_id2_1747642597.jpg
1747642597,2,detected_faces\face_id2_1747642597.jpg
1747642597,2,detected_faces\face_id2_1747642597.jpg
1747642597,2,detected_faces\face_id2_1747642597.jpg
1747642597,2,detected_faces\face_id2_1747642597.jpg
1747642598,2,detected_faces\face_id2_1747642598.jpg
1747642598,2,detected_faces\face_id2_1747642598.jpg
1747642598,2,detected_faces\face_id2_1747642598.jpg
1747642598,2,detected_faces\face_id2_1747642598.jpg
1747642598,2,detected_faces\face_id2_1747642598.jpg
1747642599,2,detected_faces\face_id2_1747642599.jpg
1747642599,2,detected_faces\face_id2_1747642599.jpg
1747642599,2,detected_faces\face_id2_1747642599.jpg
1747642599,2,detected_faces\face_id2_1747642599.jpg
1747642600,2,detected_faces\face_id2_1747642600.jpg
1747642600,2,detected_faces\face_id2_1747642600.jpg
1747642600,2,detected_faces\face_id2_1747642600.jpg
1747642600,2,detected_faces\face_id2_1747642600.jpg
1747642600,2,detected_faces\face_id2_1747642600.jpg
1747642601,2,detected_faces\face_id2_1747642601.jpg
1747642601,2,detected_faces\face_id2_1747642601.jpg
1747642601,2,detected_faces\face_id2_1747642601.jpg
1747642602,2,detected_faces\face_id2_1747642602.jpg
1747642602,2,detected_faces\face_id2_1747642602.jpg
1747642602,2,detected_faces\face_id2_1747642602.jpg
1747642602,2,detected_faces\face_id2_1747642602.jpg
1747642603,2,detected_faces\face_id2_1747642603.jpg
1747642603,2,detected_faces\face_id2_1747642603.jpg
1747642603,2,detected_faces\face_id2_1747642603.jpg
1747642604,2,detected_faces\face_id2_1747642604.jpg
1747642604,2,detected_faces\face_id2_1747642604.jpg
1747642604,2,detected_faces\face_id2_1747642604.jpg
1747642604,2,detected_faces\face_id2_1747642604.jpg
1747642604,2,detected_faces\face_id2_1747642604.jpg
1747642605,2,detected_faces\face_id2_1747642605.jpg
1747642605,2,detected_faces\face_id2_1747642605.jpg
1747642605,2,detected_faces\face_id2_1747642605.jpg
1747642605,2,detected_faces\face_id2_1747642605.jpg
1747642605,2,detected_faces\face_id2_1747642605.jpg
1747642605,2,detected_faces\face_id2_1747642605.jpg
1747642606,2,detected_faces\face_id2_1747642606.jpg
1747642606,2,detected_faces\face_id2_1747642606.jpg
1747642606,2,detected_faces\face_id2_1747642606.jpg
1747642606,2,detected_faces\face_id2_1747642606.jpg
1747642606,2,detected_faces\face_id2_1747642606.jpg
1747642606,2,detected_faces\face_id2_1747642606.jpg
1747642606,2,detected_faces\face_id2_1747642606.jpg
1747642606,2,detected_faces\face_id2_1747642606.jpg
1747642607,2,detected_faces\face_id2_1747642607.jpg
1747642607,2,detected_faces\face_id2_1747642607.jpg
1747642607,2,detected_faces\face_id2_1747642607.jpg
1747642607,2,detected_faces\face_id2_1747642607.jpg
1747642607,2,detected_faces\face_id2_1747642607.jpg
1747642607,2,detected_faces\face_id2_1747642607.jpg
1747642607,2,detected_faces\face_id2_1747642607.jpg
1747642607,2,detected_faces\face_id2_1747642607.jpg
1747642608,2,detected_faces\face_id2_1747642608.jpg
1747642608,2,detected_faces\face_id2_1747642608.jpg
1747642608,2,detected_faces\face_id2_1747642608.jpg
1747642609,2,detected_faces\face_id2_1747642609.jpg
1747642609,2,detected_faces\face_id2_1747642609.jpg
1747642610,2,detected_faces\face_id2_1747642610.jpg
1747642610,2,detected_faces\face_id2_1747642610.jpg
1747642610,2,detected_faces\face_id2_1747642610.jpg
1747642610,2,detected_faces\face_id2_1747642610.jpg
1747642611,2,detected_faces\face_id2_1747642611.jpg
1747642611,2,detected_faces\face_id2_1747642611.jpg
1747642611,2,detected_faces\face_id2_1747642611.jpg
1747642612,2,detected_faces\face_id2_1747642612.jpg
1747642612,2,detected_faces\face_id2_1747642612.jpg
1747642612,2,detected_faces\face_id2_1747642612.jpg
1747642612,2,detected_faces\face_id2_1747642612.jpg
1747642613,2,detected_faces\face_id2_1747642613.jpg
1747642613,2,detected_faces\face_id2_1747642613.jpg
1747642613,2,detected_faces\face_id2_1747642613.jpg
1747642613,2,detected_faces\face_id2_1747642613.jpg
1747642613,2,detected_faces\face_id2_1747642613.jpg
1747642614,2,detected_faces\face_id2_1747642614.jpg
1747642614,2,detected_faces\face_id2_1747642614.jpg
1747642614,2,detected_faces\face_id2_1747642614.jpg
1747642614,2,detected_faces\face_id2_1747642614.jpg
1747642615,2,detected_faces\face_id2_1747642615.jpg
1747642615,2,detected_faces\face_id2_1747642615.jpg
1747642615,2,detected_faces\face_id2_1747642615.jpg
1747642615,2,detected_faces\face_id2_1747642615.jpg
1747642616,2,detected_faces\face_id2_1747642616.jpg
1747642616,2,detected_faces\face_id2_1747642616.jpg
1747642616,2,detected_faces\face_id2_1747642616.jpg
1747642616,2,detected_faces\face_id2_1747642616.jpg
1747642617,2,detected_faces\face_id2_1747642617.jpg
1747642617,2,detected_faces\face_id2_1747642617.jpg
1747642617,2,detected_faces\face_id2_1747642617.jpg
1747642618,2,detected_faces\face_id2_1747642618.jpg
1747642618,2,detected_faces\face_id2_1747642618.jpg
1747642619,2,detected_faces\face_id2_1747642619.jpg
1747642619,2,detected_faces\face_id2_1747642619.jpg
1747642619,2,detected_faces\face_id2_1747642619.jpg
1747642620,2,detected_faces\face_id2_1747642620.jpg
1747642620,2,detected_faces\face_id2_1747642620.jpg
1747642620,2,detected_faces\face_id2_1747642620.jpg
1747642621,2,detected_faces\face_id2_1747642621.jpg
1747642621,2,detected_faces\face_id2_1747642621.jpg
1747642622,2,detected_faces\face_id2_1747642622.jpg
1747642800,1,detected_faces\face_id1_1747642800.jpg
1747642800,1,detected_faces\face_id1_1747642800.jpg
1747642801,1,detected_faces\face_id1_1747642801.jpg
1747642801,1,detected_faces\face_id1_1747642801.jpg
1747642801,1,detected_faces\face_id1_1747642801.jpg
1747642801,1,detected_faces\face_id1_1747642801.jpg
1747642802,1,detected_faces\face_id1_1747642802.jpg
1747642802,1,detected_faces\face_id1_1747642802.jpg
1747642802,1,detected_faces\face_id1_1747642802.jpg
1747642802,1,detected_faces\face_id1_1747642802.jpg
1747642803,1,detected_faces\face_id1_1747642803.jpg
1747642803,1,detected_faces\face_id1_1747642803.jpg
1747642803,1,detected_faces\face_id1_1747642803.jpg
1747642803,1,detected_faces\face_id1_1747642803.jpg
1747642803,1,detected_faces\face_id1_1747642803.jpg
1747642804,1,detected_faces\face_id1_1747642804.jpg
1747642804,1,detected_faces\face_id1_1747642804.jpg
1747642804,1,detected_faces\face_id1_1747642804.jpg
1747642804,1,detected_faces\face_id1_1747642804.jpg
1747642805,1,detected_faces\face_id1_1747642805.jpg
1747642805,1,detected_faces\face_id1_1747642805.jpg
1747642805,1,detected_faces\face_id1_1747642805.jpg
1747642805,1,detected_faces\face_id1_1747642805.jpg
1747642805,1,detected_faces\face_id1_1747642805.jpg
1747642806,1,detected_faces\face_id1_1747642806.jpg
1747642806,1,detected_faces\face_id1_1747642806.jpg
1747642806,1,detected_faces\face_id1_1747642806.jpg
1747642806,1,detected_faces\face_id1_1747642806.jpg
1747642806,1,detected_faces\face_id1_1747642806.jpg
1747642807,1,detected_faces\face_id1_1747642807.jpg
1747642807,1,detected_faces\face_id1_1747642807.jpg
1747642807,1,detected_faces\face_id1_1747642807.jpg
1747642807,1,detected_faces\face_id1_1747642807.jpg
1747642807,1,detected_faces\face_id1_1747642807.jpg
1747642808,1,detected_faces\face_id1_1747642808.jpg
1747642808,1,detected_faces\face_id1_1747642808.jpg
1747642808,1,detected_faces\face_id1_1747642808.jpg
1747642808,1,detected_faces\face_id1_1747642808.jpg
1747642808,1,detected_faces\face_id1_1747642808.jpg
1747642809,1,detected_faces\face_id1_1747642809.jpg
1747642809,1,detected_faces\face_id1_1747642809.jpg
1747642809,1,detected_faces\face_id1_1747642809.jpg
1747642809,1,detected_faces\face_id1_1747642809.jpg
1747642810,1,detected_faces\face_id1_1747642810.jpg
1747642810,1,detected_faces\face_id1_1747642810.jpg
1747642810,1,detected_faces\face_id1_1747642810.jpg
1747644697,1,detected_faces\no_movement\face_id1_1747644697.jpg,no_movement
1747644697,1,detected_faces\movement_detected\face_id1_1747644697.jpg,movement_detected
1747644698,1,detected_faces\no_movement\face_id1_1747644698.jpg,no_movement
1747644698,1,detected_faces\no_movement\face_id1_1747644698.jpg,no_movement
1747644698,1,detected_faces\no_movement\face_id1_1747644698.jpg,no_movement
1747644698,1,detected_faces\no_movement\face_id1_1747644698.jpg,no_movement
1747644699,1,detected_faces\no_movement\face_id1_1747644699.jpg,no_movement
1747644699,1,detected_faces\no_movement\face_id1_1747644699.jpg,no_movement
1747644699,1,detected_faces\movement_detected\face_id1_1747644699.jpg,movement_detected
1747644700,1,detected_faces\movement_detected\face_id1_1747644700.jpg,movement_detected
1747644700,1,detected_faces\movement_detected\face_id1_1747644700.jpg,movement_detected
1747644700,1,detected_faces\no_movement\face_id1_1747644700.jpg,no_movement
1747644700,1,detected_faces\no_movement\face_id1_1747644700.jpg,no_movement
1747644701,1,detected_faces\movement_detected\face_id1_1747644701.jpg,movement_detected
1747644701,1,detected_faces\movement_detected\face_id1_1747644701.jpg,movement_detected
1747644701,1,detected_faces\movement_detected\face_id1_1747644701.jpg,movement_detected
1747644701,1,detected_faces\movement_detected\face_id1_1747644701.jpg,movement_detected
1747644702,1,detected_faces\no_movement\face_id1_1747644702.jpg,no_movement
1747644702,1,detected_faces\no_movement\face_id1_1747644702.jpg,no_movement
1747644702,1,detected_faces\no_movement\face_id1_1747644702.jpg,no_movement
1747644702,1,detected_faces\movement_detected\face_id1_1747644702.jpg,movement_detected
1747644702,1,detected_faces\no_movement\face_id1_1747644702.jpg,no_movement
1747644703,1,detected_faces\no_movement\face_id1_1747644703.jpg,no_movement
1747644703,1,detected_faces\no_movement\face_id1_1747644703.jpg,no_movement
1747644703,1,detected_faces\no_movement\face_id1_1747644703.jpg,no_movement
1747644703,1,detected_faces\no_movement\face_id1_1747644703.jpg,no_movement
1747644703,1,detected_faces\no_movement\face_id1_1747644703.jpg,no_movement
1747644704,1,detected_faces\movement_detected\face_id1_1747644704.jpg,movement_detected
1747644704,1,detected_faces\movement_detected\face_id1_1747644704.jpg,movement_detected
1747644704,1,detected_faces\movement_detected\face_id1_1747644704.jpg,movement_detected
1747644704,1,detected_faces\movement_detected\face_id1_1747644704.jpg,movement_detected
1747644705,1,detected_faces\no_movement\face_id1_1747644705.jpg,no_movement
1747644705,1,detected_faces\no_movement\face_id1_1747644705.jpg,no_movement
1747644705,1,detected_faces\no_movement\face_id1_1747644705.jpg,no_movement
1747644705,1,detected_faces\no_movement\face_id1_1747644705.jpg,no_movement
1747644706,1,detected_faces\no_movement\face_id1_1747644706.jpg,no_movement
1747644706,1,detected_faces\no_movement\face_id1_1747644706.jpg,no_movement
1747644706,1,detected_faces\no_movement\face_id1_1747644706.jpg,no_movement
1747644706,1,detected_faces\no_movement\face_id1_1747644706.jpg,no_movement
1747644706,1,detected_faces\no_movement\face_id1_1747644706.jpg,no_movement
1747644707,1,detected_faces\no_movement\face_id1_1747644707.jpg,no_movement
1747644707,1,detected_faces\no_movement\face_id1_1747644707.jpg,no_movement
1747644707,1,detected_faces\no_movement\face_id1_1747644707.jpg,no_movement
1747644708,1,detected_faces\no_movement\face_id1_1747644708.jpg,no_movement
1747644708,1,detected_faces\no_movement\face_id1_1747644708.jpg,no_movement
1747644708,1,detected_faces\no_movement\face_id1_1747644708.jpg,no_movement
1747644708,1,detected_faces\no_movement\face_id1_1747644708.jpg,no_movement
1747644709,1,detected_faces\no_movement\face_id1_1747644709.jpg,no_movement
1747644709,1,detected_faces\no_movement\face_id1_1747644709.jpg,no_movement
1747644709,1,detected_faces\movement_detected\face_id1_1747644709.jpg,movement_detected
1747644709,1,detected_faces\no_movement\face_id1_1747644709.jpg,no_movement
1747644710,1,detected_faces\movement_detected\face_id1_1747644710.jpg,movement_detected
1747644711,1,detected_faces\no_movement\face_id1_1747644711.jpg,no_movement
1747644711,1,detected_faces\no_movement\face_id1_1747644711.jpg,no_movement
1747644711,1,detected_faces\no_movement\face_id1_1747644711.jpg,no_movement
1747644711,1,detected_faces\no_movement\face_id1_1747644711.jpg,no_movement
1747644712,1,detected_faces\no_movement\face_id1_1747644712.jpg,no_movement
1747644712,1,detected_faces\no_movement\face_id1_1747644712.jpg,no_movement
1747644712,1,detected_faces\movement_detected\face_id1_1747644712.jpg,movement_detected
1747644712,1,detected_faces\no_movement\face_id1_1747644712.jpg,no_movement
1747644713,1,detected_faces\no_movement\face_id1_1747644713.jpg,no_movement
1747644713,1,detected_faces\movement_detected\face_id1_1747644713.jpg,movement_detected
1747644714,1,detected_faces\no_movement\face_id1_1747644714.jpg,no_movement
1747644714,9,detected_faces\no_movement\face_id9_1747644714.jpg,no_movement
1747644714,9,detected_faces\movement_detected\face_id9_1747644714.jpg,movement_detected
1747644715,1,detected_faces\movement_detected\face_id1_1747644715.jpg,movement_detected
1747644715,9,detected_faces\movement_detected\face_id9_1747644715.jpg,movement_detected
1747644715,1,detected_faces\no_movement\face_id1_1747644715.jpg,no_movement
1747644715,9,detected_faces\movement_detected\face_id9_1747644715.jpg,movement_detected
1747644715,1,detected_faces\no_movement\face_id1_1747644715.jpg,no_movement
1747644715,9,detected_faces\movement_detected\face_id9_1747644715.jpg,movement_detected
1747644716,1,detected_faces\no_movement\face_id1_1747644716.jpg,no_movement
1747644716,1,detected_faces\no_movement\face_id1_1747644716.jpg,no_movement
1747644716,1,detected_faces\no_movement\face_id1_1747644716.jpg,no_movement
1747644717,1,detected_faces\no_movement\face_id1_1747644717.jpg,no_movement
1747644717,1,detected_faces\no_movement\face_id1_1747644717.jpg,no_movement
1747644717,1,detected_faces\no_movement\face_id1_1747644717.jpg,no_movement
1747644718,1,detected_faces\no_movement\face_id1_1747644718.jpg,no_movement
1747644718,1,detected_faces\no_movement\face_id1_1747644718.jpg,no_movement
1747644718,1,detected_faces\no_movement\face_id1_1747644718.jpg,no_movement
1747644719,1,detected_faces\movement_detected\face_id1_1747644719.jpg,movement_detected
1747644719,1,detected_faces\movement_detected\face_id1_1747644719.jpg,movement_detected
1747644719,1,detected_faces\no_movement\face_id1_1747644719.jpg,no_movement
1747644719,1,detected_faces\no_movement\face_id1_1747644719.jpg,no_movement
1747644720,1,detected_faces\no_movement\face_id1_1747644720.jpg,no_movement
1747644720,1,detected_faces\no_movement\face_id1_1747644720.jpg,no_movement
1747644720,1,detected_faces\no_movement\face_id1_1747644720.jpg,no_movement
1747644721,1,detected_faces\no_movement\face_id1_1747644721.jpg,no_movement
1747644721,1,detected_faces\no_movement\face_id1_1747644721.jpg,no_movement
1747644721,15,detected_faces\no_movement\face_id15_1747644721.jpg,no_movement
1747644721,1,detected_faces\no_movement\face_id1_1747644721.jpg,no_movement
1747644721,1,detected_faces\no_movement\face_id1_1747644721.jpg,no_movement
1747644721,15,detected_faces\no_movement\face_id15_1747644721.jpg,no_movement
1747644722,1,detected_faces\no_movement\face_id1_1747644722.jpg,no_movement
1747644722,15,detected_faces\no_movement\face_id15_1747644722.jpg,no_movement
1747644722,1,detected_faces\no_movement\face_id1_1747644722.jpg,no_movement
1747644722,15,detected_faces\no_movement\face_id15_1747644722.jpg,no_movement
1747644722,1,detected_faces\no_movement\face_id1_1747644722.jpg,no_movement
1747644722,15,detected_faces\no_movement\face_id15_1747644722.jpg,no_movement
1747644723,1,detected_faces\no_movement\face_id1_1747644723.jpg,no_movement
1747644723,15,detected_faces\no_movement\face_id15_1747644723.jpg,no_movement
1747644723,1,detected_faces\no_movement\face_id1_1747644723.jpg,no_movement
1747644723,1,detected_faces\no_movement\face_id1_1747644723.jpg,no_movement
1747644723,1,detected_faces\no_movement\face_id1_1747644723.jpg,no_movement
1747644723,15,detected_faces\no_movement\face_id15_1747644723.jpg,no_movement
1747644724,1,detected_faces\movement_detected\face_id1_1747644724.jpg,movement_detected
1747644724,1,detected_faces\no_movement\face_id1_1747644724.jpg,no_movement
1747644724,1,detected_faces\movement_detected\face_id1_1747644724.jpg,movement_detected
1747644724,15,detected_faces\no_movement\face_id15_1747644724.jpg,no_movement
1747644725,1,detected_faces\no_movement\face_id1_1747644725.jpg,no_movement
1747644725,15,detected_faces\no_movement\face_id15_1747644725.jpg,no_movement
1747644725,1,detected_faces\no_movement\face_id1_1747644725.jpg,no_movement
1747644726,1,detected_faces\no_movement\face_id1_1747644726.jpg,no_movement
1747644726,1,detected_faces\no_movement\face_id1_1747644726.jpg,no_movement
1747644726,15,detected_faces\movement_detected\face_id15_1747644726.jpg,movement_detected
1747644727,1,detected_faces\no_movement\face_id1_1747644727.jpg,no_movement
1747644727,1,detected_faces\no_movement\face_id1_1747644727.jpg,no_movement
1747644727,1,detected_faces\no_movement\face_id1_1747644727.jpg,no_movement
1747644727,1,detected_faces\movement_detected\face_id1_1747644727.jpg,movement_detected
1747644727,15,detected_faces\no_movement\face_id15_1747644727.jpg,no_movement
1747644728,1,detected_faces\movement_detected\face_id1_1747644728.jpg,movement_detected
1747644728,1,detected_faces\no_movement\face_id1_1747644728.jpg,no_movement
1747644729,1,detected_faces\no_movement\face_id1_1747644729.jpg,no_movement
1747644729,1,detected_faces\movement_detected\face_id1_1747644729.jpg,movement_detected
1747644729,15,detected_faces\no_movement\face_id15_1747644729.jpg,no_movement
1747644729,1,detected_faces\no_movement\face_id1_1747644729.jpg,no_movement
1747644729,15,detected_faces\no_movement\face_id15_1747644729.jpg,no_movement
1747644730,1,detected_faces\no_movement\face_id1_1747644730.jpg,no_movement
1747644730,1,detected_faces\no_movement\face_id1_1747644730.jpg,no_movement
1747644730,15,detected_faces\no_movement\face_id15_1747644730.jpg,no_movement
1747644730,15,detected_faces\no_movement\face_id15_1747644730.jpg,no_movement
1747644730,1,detected_faces\movement_detected\face_id1_1747644730.jpg,movement_detected
1747644730,1,detected_faces\no_movement\face_id1_1747644730.jpg,no_movement
1747644730,15,detected_faces\no_movement\face_id15_1747644730.jpg,no_movement
1747644731,1,detected_faces\movement_detected\face_id1_1747644731.jpg,movement_detected
1747644731,15,detected_faces\no_movement\face_id15_1747644731.jpg,no_movement
1747644731,1,detected_faces\no_movement\face_id1_1747644731.jpg,no_movement
1747644731,15,detected_faces\no_movement\face_id15_1747644731.jpg,no_movement
1747644731,1,detected_faces\no_movement\face_id1_1747644731.jpg,no_movement
1747644731,1,detected_faces\no_movement\face_id1_1747644731.jpg,no_movement
1747644731,1,detected_faces\movement_detected\face_id1_1747644731.jpg,movement_detected
1747644732,1,detected_faces\no_movement\face_id1_1747644732.jpg,no_movement
1747644732,15,detected_faces\no_movement\face_id15_1747644732.jpg,no_movement
1747644732,1,detected_faces\no_movement\face_id1_1747644732.jpg,no_movement
1747644732,1,detected_faces\no_movement\face_id1_1747644732.jpg,no_movement
1747644732,15,detected_faces\movement_detected\face_id15_1747644732.jpg,movement_detected
1747644733,1,detected_faces\no_movement\face_id1_1747644733.jpg,no_movement
1747644733,1,detected_faces\no_movement\face_id1_1747644733.jpg,no_movement
1747644733,1,detected_faces\no_movement\face_id1_1747644733.jpg,no_movement
1747644733,1,detected_faces\movement_detected\face_id1_1747644733.jpg,movement_detected
1747644734,1,detected_faces\no_movement\face_id1_1747644734.jpg,no_movement
1747644734,1,detected_faces\no_movement\face_id1_1747644734.jpg,no_movement
1747644734,15,detected_faces\movement_detected\face_id15_1747644734.jpg,movement_detected
1747644734,1,detected_faces\movement_detected\face_id1_1747644734.jpg,movement_detected
1747644734,15,detected_faces\no_movement\face_id15_1747644734.jpg,no_movement
1747644734,15,detected_faces\no_movement\face_id15_1747644734.jpg,no_movement
1747644734,1,detected_faces\no_movement\face_id1_1747644734.jpg,no_movement
1747644735,15,detected_faces\no_movement\face_id15_1747644735.jpg,no_movement
1747644735,1,detected_faces\no_movement\face_id1_1747644735.jpg,no_movement
1747644735,15,detected_faces\no_movement\face_id15_1747644735.jpg,no_movement
1747644735,1,detected_faces\no_movement\face_id1_1747644735.jpg,no_movement
1747644735,15,detected_faces\no_movement\face_id15_1747644735.jpg,no_movement
1747644735,1,detected_faces\no_movement\face_id1_1747644735.jpg,no_movement
1747644735,1,detected_faces\no_movement\face_id1_1747644735.jpg,no_movement
1747644735,15,detected_faces\no_movement\face_id15_1747644735.jpg,no_movement
1747644736,1,detected_faces\no_movement\face_id1_1747644736.jpg,no_movement
1747644736,15,detected_faces\no_movement\face_id15_1747644736.jpg,no_movement
1747644736,1,detected_faces\no_movement\face_id1_1747644736.jpg,no_movement
1747644736,15,detected_faces\no_movement\face_id15_1747644736.jpg,no_movement
1747644736,1,detected_faces\movement_detected\face_id1_1747644736.jpg,movement_detected
1747644736,15,detected_faces\no_movement\face_id15_1747644736.jpg,no_movement
1747644736,1,detected_faces\movement_detected\face_id1_1747644736.jpg,movement_detected
1747644737,15,detected_faces\no_movement\face_id15_1747644737.jpg,no_movement
1747644737,1,detected_faces\no_movement\face_id1_1747644737.jpg,no_movement
1747644737,15,detected_faces\no_movement\face_id15_1747644737.jpg,no_movement
1747644738,1,detected_faces\no_movement\face_id1_1747644738.jpg,no_movement
1747644738,1,detected_faces\movement_detected\face_id1_1747644738.jpg,movement_detected
1747644738,1,detected_faces\no_movement\face_id1_1747644738.jpg,no_movement
1747644738,15,detected_faces\no_movement\face_id15_1747644738.jpg,no_movement
1747644739,1,detected_faces\no_movement\face_id1_1747644739.jpg,no_movement
1747644739,15,detected_faces\no_movement\face_id15_1747644739.jpg,no_movement
1747644739,1,detected_faces\no_movement\face_id1_1747644739.jpg,no_movement
1747644739,15,detected_faces\movement_detected\face_id15_1747644739.jpg,movement_detected
1747644739,1,detected_faces\movement_detected\face_id1_1747644739.jpg,movement_detected
1747644739,15,detected_faces\no_movement\face_id15_1747644739.jpg,no_movement
1747644740,1,detected_faces\no_movement\face_id1_1747644740.jpg,no_movement
1747644740,15,detected_faces\no_movement\face_id15_1747644740.jpg,no_movement
1747644740,1,detected_faces\no_movement\face_id1_1747644740.jpg,no_movement
1747644740,15,detected_faces\no_movement\face_id15_1747644740.jpg,no_movement
1747644741,1,detected_faces\no_movement\face_id1_1747644741.jpg,no_movement
1747644741,15,detected_faces\no_movement\face_id15_1747644741.jpg,no_movement
1747644741,1,detected_faces\no_movement\face_id1_1747644741.jpg,no_movement
1747644741,15,detected_faces\no_movement\face_id15_1747644741.jpg,no_movement
1747644741,1,detected_faces\no_movement\face_id1_1747644741.jpg,no_movement
1747644741,15,detected_faces\no_movement\face_id15_1747644741.jpg,no_movement
1747804412,1,detected_faces\movement_detected\face_id1_1747804412.jpg,movement_detected
1747804413,1,detected_faces\no_movement\face_id1_1747804413.jpg,no_movement
1747804414,1,detected_faces\no_movement\face_id1_1747804414.jpg,no_movement
1747804415,1,detected_faces\no_movement\face_id1_1747804415.jpg,no_movement
1747804416,1,detected_faces\movement_detected\face_id1_1747804416.jpg,movement_detected
1747804416,1,detected_faces\movement_detected\face_id1_1747804416.jpg,movement_detected
1747804416,1,detected_faces\movement_detected\face_id1_1747804416.jpg,movement_detected
1747804420,1,detected_faces\movement_detected\face_id1_1747804420.jpg,movement_detected
1747804421,1,detected_faces\movement_detected\face_id1_1747804421.jpg,movement_detected
1747804421,1,detected_faces\no_movement\face_id1_1747804421.jpg,no_movement
1747804421,1,detected_faces\no_movement\face_id1_1747804421.jpg,no_movement
1747804421,1,detected_faces\no_movement\face_id1_1747804421.jpg,no_movement
1747804421,1,detected_faces\no_movement\face_id1_1747804421.jpg,no_movement
1747804421,1,detected_faces\no_movement\face_id1_1747804421.jpg,no_movement
1747804421,1,detected_faces\no_movement\face_id1_1747804421.jpg,no_movement
1747804422,1,detected_faces\no_movement\face_id1_1747804422.jpg,no_movement
1747804422,1,detected_faces\no_movement\face_id1_1747804422.jpg,no_movement
1747804422,1,detected_faces\no_movement\face_id1_1747804422.jpg,no_movement
1747804423,1,detected_faces\no_movement\face_id1_1747804423.jpg,no_movement
1747930449,2,detected_faces\no_movement\face_id2_1747930449.jpg,no_movement
1747930449,2,detected_faces\no_movement\face_id2_1747930449.jpg,no_movement
1747930449,2,detected_faces\no_movement\face_id2_1747930449.jpg,no_movement
1747930450,2,detected_faces\no_movement\face_id2_1747930450.jpg,no_movement
1747930450,2,detected_faces\no_movement\face_id2_1747930450.jpg,no_movement
1747930450,2,detected_faces\no_movement\face_id2_1747930450.jpg,no_movement
1747930450,2,detected_faces\no_movement\face_id2_1747930450.jpg,no_movement
1747930451,2,detected_faces\no_movement\face_id2_1747930451.jpg,no_movement
1747930451,2,detected_faces\no_movement\face_id2_1747930451.jpg,no_movement
1747930451,2,detected_faces\no_movement\face_id2_1747930451.jpg,no_movement
1747930451,2,detected_faces\no_movement\face_id2_1747930451.jpg,no_movement
1747930452,2,detected_faces\no_movement\face_id2_1747930452.jpg,no_movement
1747930452,2,detected_faces\no_movement\face_id2_1747930452.jpg,no_movement
